{
  "f1": 261,
  "L": 0.62,
  "Ms": 0.00393,
  "T": 670,
  "E": 2.0e11,
  "eps": 3.82e-5,
  "b1": 0.5,
  "b3": 6.25e-9,
  "N": 50,
  "alpha": 0.12,
  "Mh": 0.00297,
  "p": 2.5,
  "K": 4.5e9,
  "span": 0.1,
  "Vh": 2.5,
  "fe": 32e3,
  "display_amp": 3e-3,
  "display_u_amp": 5,
  "u_rec_num": 3000
}